[
  {
    "id": "pending_1764135465023",
    "category": "people",
    "categoryEmoji": "👤",
    "categoryName": "Люди",
    "title": "asdasdasd",
    "question": "asdasdasdasdaasdasdasdasd",
    "variantA": {
      "text": "sdasd",
      "description": ""
    },
    "variantB": {
      "text": "asdasd",
      "description": ""
    },
    "currentState": "",
    "sourceLink": "",
    "status": "pending",
    "submittedAt": "2025-11-26T05:37:45.024Z",
    "votesA": 0,
    "votesB": 0,
    "dateAdded": "2025-11-26"
  }
]