[
  {
    "id": 1,
    "category": "films",
    "categoryEmoji": "🎬",
    "categoryName": "Фильмы/ТВ",
    "title": "Фраза Дарта Вейдера",
    "question": "Как Дарт Вейдер обращается к Люку Скайуокеру?",
    "variantA": "Люк, я твой отец",
    "variantB": "Нет, я твой отец",
    "votesA": 2342,
    "votesB": 2441,
    "currentState": "В оригинальном фильме звучит: 'No, I am your father'",
    "sourceLink": "https://www.starwars.com",
    "dateAdded": "2024-10-15",
    "interpretations": {
      "scientific": "Это классический пример культурного искажения цитаты. Фраза 'Люк, я твой отец' стала популярной, потому что она понятна вне контекста сцены. В повседневной речи люди добавляют имя для ясности.",
      "scientificTheory": "Культурная трансмиссия и упрощение цитат",
      "scientificSource": "Simply Psychology",
      "community": "Многие уверены, что фраза изменилась в фильме. Возможные версии: изменение при реставрации, разные дубляжи, сдвиг временной линии.",
      "communitySource": "r/MandelaEffect"
    }
  },
  {
    "id": 2,
    "category": "brands",
    "categoryEmoji": "🏢",
    "categoryName": "Бренды",
    "title": "Монокль у Monopoly Man",
    "question": "Есть ли монокль у персонажа Monopoly (мистера Монополии)?",
    "variantA": "Да, есть монокль",
    "variantB": "Нет, монокля нет",
    "votesA": 3425,
    "votesB": 1823,
    "currentState": "У мистера Монополии никогда не было монокля",
    "sourceLink": "https://monopoly.fandom.com",
    "dateAdded": "2024-10-16",
    "interpretations": {
      "scientific": "Схематическое заполнение памяти - мозг добавляет стереотипные детали (монокль = богатый джентльмен). Монокль ассоциируется с образом богатого бизнесмена начала 20 века.",
      "scientificTheory": "Схематическое заполнение памяти",
      "scientificSource": "Cognitive Psychology Review",
      "community": "Многие помнят монокль из детства. Возможно, были пародии или неофициальные версии игры с моноклем.",
      "communitySource": "r/MandelaEffect"
    }
  },
  {
    "id": 3,
    "category": "brands",
    "categoryEmoji": "🏢",
    "categoryName": "Бренды",
    "title": "KitKat дефис",
    "question": "Как правильно пишется название шоколадки?",
    "variantA": "Kit-Kat (с дефисом)",
    "variantB": "KitKat (без дефиса)",
    "votesA": 1924,
    "votesB": 2657,
    "currentState": "Правильное написание: KitKat (без дефиса)",
    "sourceLink": "https://www.kitkat.com",
    "dateAdded": "2024-10-17",
    "interpretations": {
      "scientific": "Лингвистическая нормализация - дефис кажется логичным для составных слов. Мозг добавляет дефис по аналогии с другими брендами (Coca-Cola, McDonald's).",
      "scientificTheory": "Лингвистическая нормализация",
      "scientificSource": "Journal of Memory and Language",
      "community": "Многие помнят дефис на упаковке. Возможно, были региональные варианты или изменения в дизайне логотипа.",
      "communitySource": "r/MandelaEffect"
    }
  },
  {
    "id": 4,
    "category": "popculture",
    "categoryEmoji": "🎨",
    "categoryName": "Поп-культура",
    "title": "Хвост Пикачу",
    "question": "Какого цвета кончик хвоста у Пикачу?",
    "variantA": "Чёрный",
    "variantB": "Жёлтый (весь хвост одного цвета)",
    "votesA": 2877,
    "votesB": 1655,
    "currentState": "Хвост Пикачу полностью жёлтый, чёрный цвет только у основания",
    "sourceLink": "https://pokemon.fandom.com",
    "dateAdded": "2024-10-18",
    "interpretations": {
      "scientific": "Визуальная ошибка памяти. У Пикачу есть чёрные кончики ушей - мозг экстраполирует этот паттерн на хвост. Эксперимент показал: 68% участников добавили чёрный кончик при рисовании по памяти.",
      "scientificTheory": "Визуальная экстраполяция паттернов",
      "scientificSource": "Brain Bridge Lab (UChicago)",
      "community": "Многие художники, рисовавшие Пикачу в детстве, клянутся что у него был чёрный кончик хвоста. Слишком много людей помнят одинаково.",
      "communitySource": "r/MandelaEffect"
    }
  },
  {
    "id": 5,
    "category": "films",
    "categoryEmoji": "🎬",
    "categoryName": "Фильмы/ТВ",
    "title": "Форрест Гамп цитата",
    "question": "Какую фразу говорит Форрест Гамп про шоколад?",
    "variantA": "Жизнь как коробка шоколадок",
    "variantB": "Жизнь была как коробка шоколадок",
    "votesA": 3142,
    "votesB": 2012,
    "currentState": "В оригинале: 'Life was like a box of chocolates' (была)",
    "sourceLink": "https://www.imdb.com",
    "dateAdded": "2024-10-19",
    "interpretations": {
      "scientific": "Изменение глагольного времени для удобства. Настоящее время 'is' звучит как универсальная мудрость. Прошедшее 'was' привязывает к моменту. Цитаты оптимизируются при передаче.",
      "scientificTheory": "Лингвистическая оптимизация цитат",
      "scientificSource": "Medical News Today",
      "community": "Многие смотрели фильм десятки раз и помнят 'is'. Возможно разные версии для разных регионов или изменение при реставрации.",
      "communitySource": "r/MandelaEffect"
    }
  },
  {
    "id": 6,
    "category": "music",
    "categoryEmoji": "🎵",
    "categoryName": "Музыка",
    "title": "Queen - We Are The Champions",
    "question": "Как заканчивается песня 'We Are The Champions' группы Queen?",
    "variantA": "Заканчивается на 'of the world'",
    "variantB": "Не заканчивается на 'of the world'",
    "votesA": 4124,
    "votesB": 2158,
    "currentState": "Песня заканчивается на 'We are the champions', без 'of the world' в конце",
    "sourceLink": "https://www.queenonline.com",
    "dateAdded": "2024-10-20",
    "interpretations": {
      "scientific": "Смешение с другой песней Queen 'We Will Rock You' или концертными версиями где добавляли 'of the world'. Мозг объединяет похожие песни в одну память.",
      "scientificTheory": "Смешение воспоминаний (memory blending)",
      "scientificSource": "Memory & Cognition Journal",
      "community": "Многие помнят 'of the world' из концертных выступлений или кавер-версий. Возможно, были разные версии песни.",
      "communitySource": "r/MandelaEffect"
    }
  },
  {
    "id": 7,
    "category": "music",
    "categoryEmoji": "🎵",
    "categoryName": "Музыка",
    "title": "Shakira - Waka Waka",
    "question": "Какие слова в припеве песни 'Waka Waka' Шакиры?",
    "variantA": "Waka waka, eh eh",
    "variantB": "Waka waka, hey hey",
    "votesA": 2856,
    "votesB": 2768,
    "currentState": "В оригинале звучит 'Waka waka, eh eh', а не 'hey hey'",
    "sourceLink": "https://www.shakira.com",
    "dateAdded": "2024-10-21",
    "interpretations": {
      "scientific": "Фонетическая замена - 'hey hey' более привычно для англоязычных слушателей. Мозг подставляет знакомые звуки вместо незнакомых 'eh eh'.",
      "scientificTheory": "Фонетическая нормализация",
      "scientificSource": "Journal of Phonetics",
      "community": "Многие помнят 'hey hey' из радио-версий или ремиксов. Возможно, были разные версии для разных рынков.",
      "communitySource": "r/MandelaEffect"
    }
  },
  {
    "id": 8,
    "category": "childhood",
    "categoryEmoji": "🧸",
    "categoryName": "Детство",
    "title": "Логотип Fruit of the Loom",
    "question": "Что изображено на логотипе бренда Fruit of the Loom?",
    "variantA": "Корзина с фруктами и рог изобилия",
    "variantB": "Только корзина с фруктами, без рога изобилия",
    "votesA": 3246,
    "votesB": 1987,
    "currentState": "На логотипе только корзина с фруктами, рога изобилия никогда не было",
    "sourceLink": "https://www.fruit.com",
    "dateAdded": "2024-10-22",
    "interpretations": {
      "scientific": "Семантическая ассоциация - рог изобилия логично связан с изобилием фруктов. Мозг добавляет культурный символ изобилия к логотипу с фруктами.",
      "scientificTheory": "Семантическая ассоциация",
      "scientificSource": "Cognitive Science",
      "community": "Многие помнят рог изобилия с детства. Возможно, были пародии или неофициальные версии логотипа с рогом.",
      "communitySource": "r/MandelaEffect"
    }
  },
  {
    "id": 9,
    "category": "childhood",
    "categoryEmoji": "🧸",
    "categoryName": "Детство",
    "title": "Микки Маус - подтяжки",
    "question": "Носит ли Микки Маус подтяжки?",
    "variantA": "Да, всегда носит подтяжки",
    "variantB": "Нет, подтяжек никогда не было",
    "votesA": 4521,
    "votesB": 1236,
    "currentState": "Микки Маус никогда не носил подтяжки, только красные шорты",
    "sourceLink": "https://www.disney.com",
    "dateAdded": "2024-10-23",
    "interpretations": {
      "scientific": "Смешение с другими персонажами (Гуфи, Мортимер) или пародиями. Подтяжки - стереотипный атрибут мультяшных персонажей 1930-х. Мозг добавляет деталь по аналогии.",
      "scientificTheory": "Смешение образов персонажей",
      "scientificSource": "Disney Archives Research",
      "community": "Многие помнят подтяжки из детства. Возможно, были пародии, игрушки или неофициальные версии с подтяжками.",
      "communitySource": "r/MandelaEffect"
    }
  },
  {
    "id": 10,
    "category": "people",
    "categoryEmoji": "👤",
    "categoryName": "Люди",
    "title": "Нельсон Мандела - дата смерти",
    "question": "Когда умер Нельсон Мандела?",
    "variantA": "В тюрьме в 1980-х годах",
    "variantB": "В 2013 году после освобождения",
    "votesA": 1878,
    "votesB": 4124,
    "currentState": "Нельсон Мандела умер в 2013 году, а не в тюрьме. Эффект Манделы назван в честь этого феномена ложных воспоминаний о его смерти",
    "sourceLink": "https://www.nelsonmandela.org",
    "dateAdded": "2024-10-24",
    "interpretations": {
      "scientific": "Конфабуляция - смешение воспоминаний о похоронах других борцов за свободу (Стив Бико) с образом Манделы. СМИ часто показывали протесты и траурные события 1980-х.",
      "scientificTheory": "Конфабуляция и смешение воспоминаний",
      "scientificSource": "Psychology Today",
      "community": "Многие помнят трансляцию похорон по ТВ в 1980-х. Это главное доказательство существования параллельной реальности.",
      "communitySource": "r/Retconned"
    }
  },
  {
    "id": 11,
    "category": "people",
    "categoryEmoji": "👤",
    "categoryName": "Люди",
    "title": "Берни Сандерс - инаугурация",
    "question": "Как Берни Сандерс выглядел на инаугурации Байдена?",
    "variantA": "В варежках и сидя на стуле",
    "variantB": "В перчатках и стоя",
    "votesA": 2989,
    "votesB": 3014,
    "currentState": "Берни Сандерс был в перчатках и стоял, а не в варежках и не сидел",
    "sourceLink": "https://www.sanders.senate.gov",
    "dateAdded": "2024-10-25",
    "interpretations": {
      "scientific": "Ложная память формируется из-за ассоциации образа 'старик в холод' с варежками. Мозг автоматически добавляет деталь которая кажется логичной.",
      "scientificTheory": "Схематическое заполнение памяти",
      "scientificSource": "Cognitive Psychology Review",
      "community": "Некоторые помнят варежки потому что видели отредактированные мемы раньше оригинального фото.",
      "communitySource": "r/MandelaEffect"
    }
  },
  {
    "id": 12,
    "category": "music",
    "categoryEmoji": "🎵",
    "categoryName": "Музыка",
    "title": "Eminem - My Name Is",
    "question": "Как начинается песня 'My Name Is' Эминема?",
    "variantA": "Hi, my name is...",
    "variantB": "Hi, kids, do you like violence?",
    "votesA": 2136,
    "votesB": 2236,
    "currentState": "Песня начинается с 'Hi, kids, do you like violence?', а не с 'Hi, my name is...'",
    "sourceLink": "https://www.eminem.com",
    "dateAdded": "2024-10-26",
    "interpretations": {
      "scientific": "Семантическая замена - 'Hi, my name is' логично для песни с названием 'My Name Is'. Мозг подставляет ожидаемую фразу вместо реальной провокационной.",
      "scientificTheory": "Семантическая замена в памяти",
      "scientificSource": "Memory Research",
      "community": "Многие помнят 'Hi, my name is' из радио-версий или каверов. Возможно, были цензурные версии для радио.",
      "communitySource": "r/MandelaEffect"
    }
  },
  {
    "id": 13,
    "category": "childhood",
    "categoryEmoji": "🧸",
    "categoryName": "Детство",
    "title": "Looney Tunes - название",
    "question": "Как правильно пишется название мультсериала?",
    "variantA": "Looney Toons",
    "variantB": "Looney Tunes",
    "votesA": 3456,
    "votesB": 1879,
    "currentState": "Правильное написание: Looney Tunes (с 'T'), а не 'Toons'",
    "sourceLink": "https://www.looneytunes.com",
    "dateAdded": "2024-10-27",
    "interpretations": {
      "scientific": "Орфографическая ошибка - 'Toons' кажется логичным для мультфильмов (cartoons). Мозг исправляет 'Tunes' на более понятное 'Toons'.",
      "scientificTheory": "Орфографическая нормализация",
      "scientificSource": "Linguistics Today",
      "community": "Многие помнят 'Toons' с детства. Возможно, были неофициальные версии или пародии с таким написанием.",
      "communitySource": "r/MandelaEffect"
    }
  },
  {
    "id": 14,
    "category": "films",
    "categoryEmoji": "🎬",
    "categoryName": "Фильмы/ТВ",
    "title": "Снежная Королева - фраза",
    "question": "Что говорит Зеркало в мультфильме 'Снежная Королева'?",
    "variantA": "Снежная королева прекрасней всех",
    "variantB": "Снежная королева прекраснее всех",
    "votesA": 2569,
    "votesB": 2678,
    "currentState": "В оригинале звучит 'прекраснее всех', а не 'прекрасней всех'",
    "sourceLink": "https://www.imdb.com",
    "dateAdded": "2024-10-28",
    "interpretations": {
      "scientific": "Грамматическая нормализация - 'прекрасней' звучит более разговорно и привычно. Мозг заменяет книжную форму 'прекраснее' на разговорную.",
      "scientificTheory": "Грамматическая нормализация",
      "scientificSource": "Russian Linguistics",
      "community": "Многие помнят 'прекрасней' из детства. Возможно, были разные дубляжи или региональные версии.",
      "communitySource": "r/MandelaEffect"
    }
  },
  {
    "id": 15,
    "category": "brands",
    "categoryEmoji": "🏢",
    "categoryName": "Бренды",
    "title": "Volkswagen - логотип",
    "question": "Есть ли разрыв между буквами V и W в логотипе Volkswagen?",
    "variantA": "Да, есть разрыв между V и W",
    "variantB": "Нет, буквы соединены",
    "votesA": 1990,
    "votesB": 3124,
    "currentState": "В логотипе Volkswagen буквы V и W соединены, без разрыва",
    "sourceLink": "https://www.volkswagen.com",
    "dateAdded": "2024-10-29",
    "interpretations": {
      "scientific": "Визуальная ошибка восприятия - при малом размере логотипа соединение букв может казаться разрывом. Мозг интерпретирует сложную форму как две отдельные буквы.",
      "scientificTheory": "Визуальная ошибка восприятия",
      "scientificSource": "Visual Perception Research",
      "community": "Многие помнят разрыв из детства. Возможно, были неофициальные версии логотипа или изменения в дизайне.",
      "communitySource": "r/MandelaEffect"
    }
  },
  {
    "id": 16,
    "category": "people",
    "categoryEmoji": "👤",
    "categoryName": "Люди",
    "title": "йцуйцуйцу123",
    "question": "йцуйцуйцуйцуйцуйцуйцуйцу123",
    "variantA": "йцуйцуйцуйцуйцу1243",
    "variantB": "йцуйцуйц123",
    "votesA": 0,
    "votesB": 1,
    "currentState": "йцуйцуйцу",
    "sourceLink": "",
    "dateAdded": "2025-11-21"
  }
]