[
  {
    "id": 1763703482596,
    "category": "films",
    "categoryEmoji": "🎬",
    "categoryName": "Фильмы/ТВ",
    "title": "тестовое название",
    "question": "тестовый вопрос 20 сим",
    "variantA": "вариант а",
    "variantB": "вариант б",
    "currentState": "тестовое описание",
    "sourceLink": "http://localhost:3000",
    "submitterEmail": "k1sslex@yandex.ru",
    "status": "pending",
    "dateSubmitted": "2025-11-21T05:38:02.596Z",
    "votesA": 0,
    "votesB": 0
  },
  {
    "id": 1763703668816,
    "category": "brands",
    "categoryEmoji": "🏢",
    "categoryName": "Бренды",
    "title": "тесновое название 2",
    "question": "тестовый вопрос 20 сим",
    "variantA": "Вариант А",
    "variantB": "Вариант Б",
    "currentState": "тестовое описание",
    "sourceLink": "http://localhost:3000",
    "submitterEmail": "sdfasd@adas.ci",
    "status": "pending",
    "dateSubmitted": "2025-11-21T05:41:08.816Z",
    "votesA": 0,
    "votesB": 0
  },
  {
    "id": 1763727615342,
    "category": "films",
    "categoryEmoji": "🎬",
    "categoryName": "Фильмы/ТВ",
    "title": "название 2",
    "question": "вопрос вопрос вопрос",
    "variantA": "Вариант А",
    "variantB": "Вариант Б",
    "currentState": "Описание текущего состояния",
    "sourceLink": "http://localhost:3000/submit",
    "submitterEmail": "adsfsqad@asd.asd",
    "status": "pending",
    "dateSubmitted": "2025-11-21T12:20:15.343Z",
    "votesA": 0,
    "votesB": 0
  },
  {
    "id": 1763727650273,
    "category": "brands",
    "categoryEmoji": "🏢",
    "categoryName": "Бренды",
    "title": "asdasd",
    "question": "asdasdasdasdasdasdasdasd",
    "variantA": "asdasd",
    "variantB": "asdasdasdasdasd",
    "currentState": "asdasdasd",
    "sourceLink": "http://localhost:3000/submit",
    "submitterEmail": "asdasd@asdasd.rt",
    "status": "pending",
    "dateSubmitted": "2025-11-21T12:20:50.273Z",
    "votesA": 0,
    "votesB": 0
  },
  {
    "id": 1763728581279,
    "category": "brands",
    "categoryEmoji": "🏢",
    "categoryName": "Бренды",
    "title": "фывфывф",
    "question": "ыdasdasdasdasdaasdasdasd",
    "variantA": "asdasdasd",
    "variantB": "asdasdasdasdasd",
    "currentState": "",
    "sourceLink": "",
    "submitterEmail": "",
    "status": "pending",
    "dateSubmitted": "2025-11-21T12:36:21.279Z",
    "votesA": 0,
    "votesB": 0
  }
]